Date,National-US,Gold Price t0,Gold Price t1,Gold Price t2,Gold Price t3,SP500 t0,SP500 t1,SP500 t2,SP500 t3,Oil Price t0,Oil Price t1,Oil Price t2,Oil Price t3,FED Effective Rate t0,GDP t0,Unemployment t0,Inflation Rate t0,FED Effective Rate t1,GDP t1,Unemployment t1,Inflation Rate t1,FED Effective Rate t2,GDP t2,Unemployment t2,Inflation Rate t2,FED Effective Rate t3,GDP t3,Unemployment t3,Inflation Rate t3
1986-10-01,63.75,408.524,391.595,396.983,423.86300000000006,264.5,248.6,245.1,237.4,18.65,16.11,15.22,14.9,6.43,2.8,6.6,3.8,6.91,,6.6,3.8,6.04,,6.9,3.8,5.85,2.1,7.0,4.0
1986-11-01,64.15,401.045,408.524,391.595,396.983,280.9,264.5,248.6,245.1,17.75,18.65,16.11,15.22,6.1,,6.6,3.8,6.43,2.8,6.6,3.8,6.91,,6.6,3.8,6.04,,6.9,3.8
1986-12-01,64.49,408.848,401.045,408.524,391.595,292.5,280.9,264.5,248.6,18.3,17.75,18.65,16.11,6.13,,6.6,4.0,6.1,,6.6,3.8,6.43,2.8,6.6,3.8,6.91,,6.6,3.8
1987-01-01,64.99,439.665,408.848,401.045,408.524,289.3,292.5,280.9,264.5,18.68,18.3,17.75,18.65,6.37,4.6,6.3,4.2,6.13,,6.6,4.0,6.1,,6.6,3.8,6.43,2.8,6.6,3.8
1987-02-01,65.57,461.65,439.665,408.848,401.045,289.1,289.3,292.5,280.9,19.44,18.68,18.3,17.75,6.85,,6.3,4.2,6.37,4.6,6.3,4.2,6.13,,6.6,4.0,6.1,,6.6,3.8
1987-03-01,66.24,449.282,461.65,439.665,408.848,301.4,289.1,289.3,292.5,20.07,19.44,18.68,18.3,6.73,,6.2,4.1,6.85,,6.3,4.2,6.37,4.6,6.3,4.2,6.13,,6.6,4.0
1987-04-01,66.8,450.33,449.282,461.65,439.665,310.1,301.4,289.1,289.3,21.34,20.07,19.44,18.68,6.58,3.7,6.1,4.0,6.73,,6.2,4.1,6.85,,6.3,4.2,6.37,4.6,6.3,4.2
1987-05-01,67.29,460.98800000000006,450.33,449.282,461.65,329.4,310.1,301.4,289.1,20.31,21.34,20.07,19.44,6.73,,6.0,4.2,6.58,3.7,6.1,4.0,6.73,,6.2,4.1,6.85,,6.3,4.2
1987-06-01,67.64,460.12,460.98800000000006,450.33,449.282,318.7,329.4,310.1,301.4,19.53,20.31,21.34,20.07,7.22,,5.9,4.3,6.73,,6.0,4.2,6.58,3.7,6.1,4.0,6.73,,6.2,4.1
1987-07-01,67.92,465.764,460.12,460.98800000000006,450.33,280.2,318.7,329.4,310.1,19.86,19.53,20.31,21.34,7.29,6.8,6.0,4.3,7.22,,5.9,4.3,6.73,,6.0,4.2,6.58,3.7,6.1,4.0
1987-08-01,68.11,468.14,465.764,460.12,460.98800000000006,245.0,280.2,318.7,329.4,18.85,19.86,19.53,20.31,6.69,,5.8,4.4,7.29,6.8,6.0,4.3,7.22,,5.9,4.3,6.73,,6.0,4.2
1987-09-01,68.36,487.079,468.14,465.764,460.12,241.0,245.0,280.2,318.7,17.28,18.85,19.86,19.53,6.77,,5.7,4.2,6.69,,5.8,4.4,7.29,6.8,6.0,4.3,7.22,,5.9,4.3
1987-10-01,68.6,477.75800000000004,487.079,468.14,465.764,250.5,241.0,245.0,280.2,17.13,17.28,18.85,19.86,6.83,2.3,5.7,4.3,6.77,,5.7,4.2,6.69,,5.8,4.4,7.29,6.8,6.0,4.3
1987-11-01,68.93,442.124,477.75800000000004,487.079,468.14,258.1,250.5,241.0,245.0,16.8,17.13,17.28,18.85,6.58,,5.7,4.3,6.83,2.3,5.7,4.3,6.77,,5.7,4.2,6.69,,5.8,4.4
1987-12-01,69.33,443.491,442.124,477.75800000000004,487.079,265.7,258.1,250.5,241.0,16.2,16.8,17.13,17.28,6.58,,5.7,4.4,6.58,,5.7,4.3,6.83,2.3,5.7,4.3,6.77,,5.7,4.2
1988-01-01,69.8,451.55800000000005,443.491,442.124,477.75800000000004,262.6,265.7,258.1,250.5,17.86,16.2,16.8,17.13,6.87,5.4,5.4,4.3,6.58,,5.7,4.4,6.58,,5.7,4.3,6.83,2.3,5.7,4.3
1988-02-01,70.42,451.32,451.55800000000005,443.491,442.124,256.1,262.6,265.7,258.1,17.42,17.86,16.2,16.8,7.09,,5.6,4.3,6.87,5.4,5.4,4.3,6.58,,5.7,4.4,6.58,,5.7,4.3
1988-03-01,71.08,451.657,451.32,451.55800000000005,443.491,270.7,256.1,262.6,265.7,16.53,17.42,17.86,16.2,7.51,,5.4,4.5,7.09,,5.6,4.3,6.87,5.4,5.4,4.3,6.58,,5.7,4.4
1988-04-01,71.69,437.452,451.657,451.32,451.55800000000005,269.1,270.7,256.1,262.6,15.5,16.53,17.42,17.86,7.75,2.3,5.4,4.5,7.51,,5.4,4.5,7.09,,5.6,4.3,6.87,5.4,5.4,4.3
1988-05-01,72.19,431.064,437.452,451.657,451.32,263.7,269.1,270.7,256.1,15.52,15.5,16.53,17.42,8.01,,5.6,4.4,7.75,2.3,5.4,4.5,7.51,,5.4,4.5,7.09,,5.6,4.3
1988-06-01,72.58,413.439,431.064,437.452,451.657,268.0,263.7,269.1,270.7,14.54,15.52,15.5,16.53,8.19,,5.4,4.4,8.01,,5.6,4.4,7.75,2.3,5.4,4.5,7.51,,5.4,4.5
1988-07-01,72.83,406.39,413.439,431.064,437.452,277.4,268.0,263.7,269.1,13.77,14.54,15.52,15.5,8.3,5.4,5.4,4.5,8.19,,5.4,4.4,8.01,,5.6,4.4,7.75,2.3,5.4,4.5
1988-08-01,73.07,419.966,406.39,413.439,431.064,271.0,277.4,268.0,263.7,14.14,13.77,14.54,15.52,8.35,,5.3,4.4,8.3,5.4,5.4,4.5,8.19,,5.4,4.4,8.01,,5.6,4.4
1988-09-01,73.29,419.24800000000005,419.966,406.39,413.439,276.5,271.0,277.4,268.0,16.38,14.14,13.77,14.54,8.76,,5.3,4.7,8.35,,5.3,4.4,8.3,5.4,5.4,4.5,8.19,,5.4,4.4
1988-10-01,73.62,404.445,419.24800000000005,419.966,406.39,285.4,276.5,271.0,277.4,18.02,16.38,14.14,13.77,9.12,4.1,5.4,4.6,8.76,,5.3,4.7,8.35,,5.3,4.4,8.3,5.4,5.4,4.5
1988-11-01,73.97,387.973,404.445,419.24800000000005,419.966,294.0,285.4,276.5,271.0,17.94,18.02,16.38,14.14,9.36,,5.2,4.8,9.12,4.1,5.4,4.6,8.76,,5.3,4.7,8.35,,5.3,4.4
1988-12-01,74.41,390.274,387.973,404.445,419.24800000000005,292.7,294.0,285.4,276.5,19.48,17.94,18.02,16.38,9.85,,5.0,4.7,9.36,,5.2,4.8,9.12,4.1,5.4,4.6,8.76,,5.3,4.7
1989-01-01,74.87,384.72,390.274,387.973,404.445,302.3,292.7,294.0,285.4,21.07,19.48,17.94,18.02,9.84,3.2,5.2,4.6,9.85,,5.0,4.7,9.36,,5.2,4.8,9.12,4.1,5.4,4.6
1989-02-01,75.3,371.35,384.72,390.274,387.973,313.9,302.3,292.7,294.0,20.12,21.07,19.48,17.94,9.81,,5.2,4.6,9.84,3.2,5.2,4.6,9.85,,5.0,4.7,9.36,,5.2,4.8
1989-03-01,75.7,367.727,371.35,384.72,390.274,323.7,313.9,302.3,292.7,20.05,20.12,21.07,19.48,9.53,,5.3,4.5,9.81,,5.2,4.6,9.84,3.2,5.2,4.6,9.85,,5.0,4.7
1989-04-01,76.05,375.21,367.727,371.35,384.72,331.9,323.7,313.9,302.3,19.78,20.05,20.12,21.07,9.24,3.0,5.2,4.6,9.53,,5.3,4.5,9.81,,5.2,4.6,9.84,3.2,5.2,4.6
1989-05-01,76.28,365.548,375.21,367.727,371.35,346.6,331.9,323.7,313.9,18.58,19.78,20.05,20.12,8.99,,5.2,4.4,9.24,3.0,5.2,4.6,9.53,,5.3,4.5,9.81,,5.2,4.6
1989-06-01,76.43,361.798,365.548,375.21,367.727,347.3,346.6,331.9,323.7,19.59,18.58,19.78,20.05,9.02,,5.3,4.3,8.99,,5.2,4.4,9.24,3.0,5.2,4.6,9.53,,5.3,4.5
1989-07-01,76.49,366.8,361.798,365.548,375.21,347.4,347.3,346.6,331.9,20.1,19.59,18.58,19.78,8.84,0.9,5.3,4.3,9.02,,5.3,4.3,8.99,,5.2,4.4,9.24,3.0,5.2,4.6
1989-08-01,76.52,394.361,366.8,361.798,365.548,340.2,347.4,347.3,346.6,19.86,20.1,19.59,18.58,8.55,,5.4,4.4,8.84,0.9,5.3,4.3,9.02,,5.3,4.3,8.99,,5.2,4.4
1989-09-01,76.5,409.655,394.361,366.8,361.798,348.6,340.2,347.4,347.3,21.1,19.86,20.1,19.59,8.45,,5.4,4.4,8.55,,5.4,4.4,8.84,0.9,5.3,4.3,9.02,,5.3,4.3
1989-10-01,76.53,410.11800000000005,409.655,394.361,366.8,339.97,348.6,340.2,347.4,22.86,21.1,19.86,20.1,8.23,4.5,5.4,4.4,8.45,,5.4,4.4,8.55,,5.4,4.4,8.84,0.9,5.3,4.3
1989-11-01,76.59,416.543,410.11800000000005,409.655,394.361,330.45,339.97,348.6,340.2,22.11,22.86,21.1,19.86,8.24,,5.3,4.6,8.23,4.5,5.4,4.4,8.45,,5.4,4.4,8.55,,5.4,4.4
1989-12-01,76.79,393.661,416.543,410.11800000000005,409.655,338.46,330.45,339.97,348.6,20.39,22.11,22.86,21.1,8.28,,5.2,4.9,8.24,,5.3,4.6,8.23,4.5,5.4,4.4,8.45,,5.4,4.4
1990-01-01,77.04,374.92900000000003,393.661,416.543,410.11800000000005,338.18,338.46,330.45,339.97,18.43,20.39,22.11,22.86,8.26,1.6,5.4,4.8,8.28,,5.2,4.9,8.24,,5.3,4.6,8.23,4.5,5.4,4.4
1990-02-01,77.3,368.855,374.92900000000003,393.661,416.543,350.25,338.18,338.46,330.45,18.2,18.43,20.39,22.11,8.18,,5.4,4.8,8.26,1.6,5.4,4.8,8.28,,5.2,4.9,8.24,,5.3,4.6
1990-03-01,77.5,352.657,368.855,374.92900000000003,393.661,360.39,350.25,338.18,338.46,16.7,18.2,18.43,20.39,8.29,,5.2,4.9,8.18,,5.4,4.8,8.26,1.6,5.4,4.8,8.28,,5.2,4.9
1990-04-01,77.56,361.82,352.657,368.855,374.92900000000003,360.03,360.39,350.25,338.18,18.45,16.7,18.2,18.43,8.15,0.1,5.5,5.0,8.29,,5.2,4.9,8.18,,5.4,4.8,8.26,1.6,5.4,4.8
1990-05-01,77.47,394.861,361.82,352.657,368.855,330.75,360.03,360.39,350.25,27.31,18.45,16.7,18.2,8.13,,5.7,5.5,8.15,0.1,5.5,5.0,8.29,,5.2,4.9,8.18,,5.4,4.8
1990-06-01,77.22,389.56,394.861,361.82,352.657,315.41,330.75,360.03,360.39,33.51,27.31,18.45,16.7,8.2,,5.9,5.5,8.13,,5.7,5.5,8.15,0.1,5.5,5.0,8.29,,5.2,4.9
1990-07-01,76.91,381.333,389.56,394.861,361.82,307.12,315.41,330.75,360.03,36.04,33.51,27.31,18.45,8.11,-3.4,5.9,5.3,8.2,,5.9,5.5,8.13,,5.7,5.5,8.15,0.1,5.5,5.0
1990-08-01,76.37,381.866,381.333,389.56,394.861,315.29,307.12,315.41,330.75,32.33,36.04,33.51,27.31,7.81,,6.2,5.3,8.11,-3.4,5.9,5.3,8.2,,5.9,5.5,8.13,,5.7,5.5
1990-09-01,75.97,378.161,381.866,381.333,389.56,328.75,315.29,307.12,315.41,27.28,32.33,36.04,33.51,7.31,,6.3,5.2,7.81,,6.2,5.3,8.11,-3.4,5.9,5.3,8.2,,5.9,5.5
1990-10-01,75.53,384.591,378.161,381.866,381.333,325.49,328.75,315.29,307.12,25.23,27.28,32.33,36.04,6.91,-1.9,6.4,5.6,7.31,,6.3,5.2,7.81,,6.2,5.3,8.11,-3.4,5.9,5.3
1990-11-01,75.25,363.74800000000005,384.591,378.161,381.866,362.26,325.49,328.75,315.29,20.48,25.23,27.28,32.33,6.25,,6.6,5.6,6.91,-1.9,6.4,5.6,7.31,,6.3,5.2,7.81,,6.2,5.3
1990-12-01,75.14,363.39,363.74800000000005,384.591,378.161,372.28,362.26,325.49,328.75,19.9,20.48,25.23,27.28,6.12,,6.8,5.2,6.25,,6.6,5.6,6.91,-1.9,6.4,5.6,7.31,,6.3,5.2
1991-01-01,75.32,358.055,363.39,363.74800000000005,384.591,379.68,372.28,362.26,325.49,20.83,19.9,20.48,25.23,5.91,3.1,6.7,5.1,6.12,,6.8,5.2,6.25,,6.6,5.6,6.91,-1.9,6.4,5.6
1991-02-01,75.77,357.11699999999996,358.055,363.39,363.74800000000005,377.99,379.68,372.28,362.26,21.23,20.83,19.9,20.48,5.78,,6.9,5.1,5.91,3.1,6.7,5.1,6.12,,6.8,5.2,6.25,,6.6,5.6
1991-03-01,76.26,366.36,357.11699999999996,358.055,363.39,378.29,377.99,379.68,372.28,20.19,21.23,20.83,19.9,5.9,,6.9,5.0,5.78,,6.9,5.1,5.91,3.1,6.7,5.1,6.12,,6.8,5.2
1991-04-01,76.51,368.01300000000003,366.36,357.11699999999996,358.055,380.23,378.29,377.99,379.68,21.4,20.19,21.23,20.83,5.82,1.9,6.8,4.8,5.9,,6.9,5.0,5.78,,6.9,5.1,5.91,3.1,6.7,5.1
1991-05-01,76.59,356.721,368.01300000000003,366.36,357.11699999999996,389.4,380.23,378.29,377.99,21.69,21.4,20.19,21.23,5.66,,6.9,4.6,5.82,1.9,6.8,4.8,5.9,,6.9,5.0,5.78,,6.9,5.1
1991-06-01,76.58,348.46,356.721,368.01300000000003,366.36,387.2,389.4,380.23,378.29,21.89,21.69,21.4,20.19,5.45,,6.9,4.5,5.66,,6.9,4.6,5.82,1.9,6.8,4.8,5.9,,6.9,5.0
1991-07-01,76.29,358.82599999999996,348.46,356.721,368.01300000000003,386.88,387.2,389.4,380.23,23.23,21.89,21.69,21.4,5.21,1.8,7.0,4.4,5.45,,6.9,4.5,5.66,,6.9,4.6,5.82,1.9,6.8,4.8
1991-08-01,76.04,359.96,358.82599999999996,348.46,356.721,385.92,386.88,387.2,389.4,22.46,23.23,21.89,21.69,4.81,,7.0,4.5,5.21,1.8,7.0,4.4,5.45,,6.9,4.5,5.66,,6.9,4.6
1991-09-01,75.84,361.875,359.96,358.82599999999996,348.46,388.51,385.92,386.88,387.2,19.5,22.46,23.23,21.89,4.43,,7.3,4.4,4.81,,7.0,4.5,5.21,1.8,7.0,4.4,5.45,,6.9,4.5
1991-10-01,75.7,354.436,361.875,359.96,358.82599999999996,416.08,388.51,385.92,386.88,18.79,19.5,22.46,23.23,4.03,4.8,7.3,3.9,4.43,,7.3,4.4,4.81,,7.0,4.5,5.21,1.8,7.0,4.4
1991-11-01,75.66,353.853,354.436,361.875,359.96,412.56,416.08,388.51,385.92,19.01,18.79,19.5,22.46,4.06,,7.4,3.8,4.03,4.8,7.3,3.9,4.43,,7.3,4.4,4.81,,7.0,4.5
1991-12-01,75.82,344.64099999999996,353.853,354.436,361.875,407.36,412.56,416.08,388.51,18.92,19.01,18.79,19.5,3.98,,7.4,3.9,4.06,,7.4,3.8,4.03,4.8,7.3,3.9,4.43,,7.3,4.4
1992-01-01,76.08,338.728,344.64099999999996,353.853,354.436,407.41,407.36,412.56,416.08,20.23,18.92,19.01,18.79,3.73,4.5,7.4,3.9,3.98,,7.4,3.9,4.06,,7.4,3.8,4.03,4.8,7.3,3.9
1992-02-01,76.4,337.039,338.728,344.64099999999996,353.853,414.81,407.41,407.36,412.56,20.98,20.23,18.92,19.01,3.82,,7.6,3.8,3.73,4.5,7.4,3.9,3.98,,7.4,3.9,4.06,,7.4,3.8
1992-03-01,76.61,340.784,337.039,338.728,344.64099999999996,408.27,414.81,407.41,407.36,22.39,20.98,20.23,18.92,3.76,,7.8,3.8,3.82,,7.6,3.8,3.73,4.5,7.4,3.9,3.98,,7.4,3.9
1992-04-01,76.72,352.452,340.784,337.039,338.728,415.05,408.27,414.81,407.41,21.78,22.39,20.98,20.23,3.25,3.9,7.7,3.7,3.76,,7.8,3.8,3.82,,7.6,3.8,3.73,4.5,7.4,3.9
1992-05-01,76.74,343.603,352.452,340.784,337.039,417.93,415.05,408.27,414.81,21.34,21.78,22.39,20.98,3.3,,7.6,3.5,3.25,3.9,7.7,3.7,3.76,,7.8,3.8,3.82,,7.6,3.8
1992-06-01,76.64,345.3,343.603,352.452,340.784,418.48,417.93,415.05,408.27,21.88,21.34,21.78,22.39,3.22,,7.6,3.3,3.3,,7.6,3.5,3.25,3.9,7.7,3.7,3.76,,7.8,3.8
1992-07-01,76.61,344.277,345.3,343.603,352.452,412.5,418.48,417.93,415.05,21.69,21.88,21.34,21.78,3.1,4.1,7.3,3.5,3.22,,7.6,3.3,3.3,,7.6,3.5,3.25,3.9,7.7,3.7
1992-08-01,76.59,334.92400000000004,344.277,345.3,343.603,422.84,412.5,418.48,417.93,20.34,21.69,21.88,21.34,3.09,,7.4,3.4,3.1,4.1,7.3,3.5,3.22,,7.6,3.3,3.3,,7.6,3.5
1992-09-01,76.47,334.657,334.92400000000004,344.277,345.3,435.64,422.84,412.5,418.48,19.41,20.34,21.69,21.88,2.92,,7.4,3.3,3.09,,7.4,3.4,3.1,4.1,7.3,3.5,3.22,,7.6,3.3
1992-10-01,76.4,328.99300000000005,334.657,334.92400000000004,344.277,435.23,435.64,422.84,412.5,19.03,19.41,20.34,21.69,3.02,0.8,7.3,3.5,2.92,,7.4,3.3,3.09,,7.4,3.4,3.1,4.1,7.3,3.5
1992-11-01,76.34,329.31,328.99300000000005,334.657,334.92400000000004,441.7,435.23,435.64,422.84,20.09,19.03,19.41,20.34,3.03,,7.1,3.6,3.02,0.8,7.3,3.5,2.92,,7.4,3.3,3.09,,7.4,3.4
1992-12-01,76.39,329.974,329.31,328.99300000000005,334.657,450.16,441.7,435.23,435.64,20.32,20.09,19.03,19.41,3.07,,7.0,3.4,3.03,,7.1,3.6,3.02,0.8,7.3,3.5,2.92,,7.4,3.3
1993-01-01,76.67,341.94800000000004,329.974,329.31,328.99300000000005,443.08,450.16,441.7,435.23,20.25,20.32,20.09,19.03,2.96,2.4,7.1,3.5,3.07,,7.0,3.4,3.03,,7.1,3.6,3.02,0.8,7.3,3.5
1993-02-01,77.04,367.045,341.94800000000004,329.974,329.31,445.25,443.08,450.16,441.7,19.95,20.25,20.32,20.09,3.0,,7.1,3.4,2.96,2.4,7.1,3.5,3.07,,7.0,3.4,3.03,,7.1,3.6
1993-03-01,77.52,371.914,367.045,341.94800000000004,329.974,448.06,445.25,443.08,450.16,19.09,19.95,20.25,20.32,3.04,,7.0,3.3,3.0,,7.1,3.4,2.96,2.4,7.1,3.5,3.07,,7.0,3.4
1993-04-01,77.89,392.034,371.914,367.045,341.94800000000004,447.29,448.06,445.25,443.08,17.89,19.09,19.95,20.25,3.06,2.0,6.9,3.2,3.04,,7.0,3.3,3.0,,7.1,3.4,2.96,2.4,7.1,3.5
1993-05-01,78.14,379.795,392.034,371.914,367.045,454.13,447.29,448.06,445.25,18.01,17.89,19.09,19.95,3.03,,6.8,3.3,3.06,2.0,6.9,3.2,3.04,,7.0,3.3,3.0,,7.1,3.4
1993-06-01,78.21,355.561,379.795,392.034,371.914,459.24,454.13,447.29,448.06,17.5,18.01,17.89,19.09,3.09,,6.7,3.2,3.03,,6.8,3.3,3.06,2.0,6.9,3.2,3.04,,7.0,3.3
1993-07-01,78.18,364.005,355.561,379.795,392.034,463.9,459.24,454.13,447.29,18.15,17.5,18.01,17.89,2.99,5.4,6.8,3.0,3.09,,6.7,3.2,3.03,,6.8,3.3,3.06,2.0,6.9,3.2
1993-08-01,78.18,373.939,364.005,355.561,379.795,462.89,463.9,459.24,454.13,16.61,18.15,17.5,18.01,3.02,,6.6,3.1,2.99,5.4,6.8,3.0,3.09,,6.7,3.2,3.03,,6.8,3.3
1993-09-01,78.13,383.24300000000005,373.939,364.005,355.561,465.95,462.89,463.9,459.24,14.52,16.61,18.15,17.5,2.96,,6.5,3.2,3.02,,6.6,3.1,2.99,5.4,6.8,3.0,3.09,,6.7,3.2
1993-10-01,78.21,387.11,383.24300000000005,373.939,364.005,472.99,465.95,462.89,463.9,15.03,14.52,16.61,18.15,3.05,4.0,6.6,2.9,2.96,,6.5,3.2,3.02,,6.6,3.1,2.99,5.4,6.8,3.0
1993-11-01,78.22,381.658,387.11,383.24300000000005,373.939,471.58,472.99,465.95,462.89,14.78,15.03,14.52,16.61,3.25,,6.6,2.8,3.05,4.0,6.6,2.9,2.96,,6.5,3.2,3.02,,6.6,3.1
1993-12-01,78.36,384.0,381.658,387.11,383.24300000000005,463.81,471.58,472.99,465.95,14.68,14.78,15.03,14.52,3.34,,6.5,2.9,3.25,,6.6,2.8,3.05,4.0,6.6,2.9,2.96,,6.5,3.2
1994-01-01,78.72,377.908,384.0,381.658,387.11,447.23,463.81,471.58,472.99,16.42,14.68,14.78,15.03,3.56,5.6,6.4,2.8,3.34,,6.5,2.9,3.25,,6.6,2.8,3.05,4.0,6.6,2.9
1994-02-01,79.23,381.343,377.908,384.0,381.658,450.9,447.23,463.81,471.58,17.89,16.42,14.68,14.78,4.01,,6.1,2.8,3.56,5.6,6.4,2.8,3.34,,6.5,2.9,3.25,,6.6,2.8
1994-03-01,79.72,385.714,381.343,377.908,384.0,454.83,450.9,447.23,463.81,19.06,17.89,16.42,14.68,4.25,,6.1,2.9,4.01,,6.1,2.8,3.56,5.6,6.4,2.8,3.34,,6.5,2.9
1994-04-01,80.08,385.45,385.714,381.343,377.908,451.4,454.83,450.9,447.23,19.66,19.06,17.89,16.42,4.26,2.4,6.1,2.9,4.25,,6.1,2.9,4.01,,6.1,2.8,3.56,5.6,6.4,2.8
1994-05-01,80.33,380.207,385.45,385.714,381.343,464.24,451.4,454.83,450.9,18.38,19.66,19.06,17.89,4.47,,6.0,2.9,4.26,2.4,6.1,2.9,4.25,,6.1,2.9,4.01,,6.1,2.8
1994-06-01,80.35,391.348,380.207,385.45,385.714,466.96,464.24,451.4,454.83,17.45,18.38,19.66,19.06,4.73,,5.9,3.0,4.47,,6.0,2.9,4.26,2.4,6.1,2.9,4.25,,6.1,2.9
1994-07-01,80.32,390.164,391.348,380.207,385.45,463.81,466.96,464.24,451.4,17.72,17.45,18.38,19.66,4.76,4.6,5.8,2.9,4.73,,5.9,3.0,4.47,,6.0,2.9,4.26,2.4,6.1,2.9
1994-08-01,80.18,384.37699999999995,390.164,391.348,380.207,461.01,463.81,466.96,464.24,18.07,17.72,17.45,18.38,5.29,,5.6,2.8,4.76,4.6,5.8,2.9,4.73,,5.9,3.0,4.47,,6.0,2.9
1994-09-01,80.09,379.48,384.37699999999995,390.164,391.348,455.19,461.01,463.81,466.96,17.16,18.07,17.72,17.45,5.45,,5.5,2.6,5.29,,5.6,2.8,4.76,4.6,5.8,2.9,4.73,,5.9,3.0
1994-10-01,80.04,378.73800000000006,379.48,384.37699999999995,390.164,465.25,455.19,461.01,463.81,18.04,17.16,18.07,17.72,5.53,1.4,5.6,2.9,5.45,,5.5,2.6,5.29,,5.6,2.8,4.76,4.6,5.8,2.9
1994-11-01,80.01,376.745,378.73800000000006,379.48,384.37699999999995,481.92,465.25,455.19,461.01,18.57,18.04,17.16,18.07,5.92,,5.4,3.0,5.53,1.4,5.6,2.9,5.45,,5.5,2.6,5.29,,5.6,2.8
1994-12-01,80.1,381.82,376.745,378.73800000000006,379.48,493.15,481.92,465.25,455.19,18.54,18.57,18.04,17.16,5.98,,5.4,3.0,5.92,,5.4,3.0,5.53,1.4,5.6,2.9,5.45,,5.5,2.6
1995-01-01,80.4,391.339,381.82,376.745,378.73800000000006,507.91,493.15,481.92,465.25,19.9,18.54,18.57,18.04,6.05,1.4,5.8,3.1,5.98,,5.4,3.0,5.92,,5.4,3.0,5.53,1.4,5.6,2.9
1995-02-01,80.72,385.231,391.339,381.82,376.745,523.81,507.91,493.15,481.92,19.74,19.9,18.54,18.57,6.01,,5.6,3.1,6.05,1.4,5.8,3.1,5.98,,5.4,3.0,5.92,,5.4,3.0
1995-03-01,81.09,387.61800000000005,385.231,391.339,381.82,539.35,523.81,507.91,493.15,18.45,19.74,19.9,18.54,6.0,,5.6,3.0,6.01,,5.6,3.1,6.05,1.4,5.8,3.1,5.98,,5.4,3.0
1995-04-01,81.44,386.13800000000003,387.61800000000005,385.231,391.339,557.37,539.35,523.81,507.91,17.33,18.45,19.74,19.9,5.85,3.5,5.7,3.0,6.0,,5.6,3.0,6.01,,5.6,3.1,6.05,1.4,5.8,3.1
1995-05-01,81.68,383.50199999999995,386.13800000000003,387.61800000000005,385.231,559.11,557.37,539.35,523.81,18.02,17.33,18.45,19.74,5.74,,5.7,2.9,5.85,3.5,5.7,3.0,6.0,,5.6,3.0,6.01,,5.6,3.1
1995-06-01,81.76,382.931,383.50199999999995,386.13800000000003,387.61800000000005,578.77,559.11,557.37,539.35,18.23,18.02,17.33,18.45,5.8,,5.6,2.9,5.74,,5.7,2.9,5.85,3.5,5.7,3.0,6.0,,5.6,3.0
1995-07-01,81.75,383.202,382.931,383.50199999999995,386.13800000000003,582.92,578.77,559.11,557.37,17.43,18.23,18.02,17.33,5.76,2.9,5.5,3.0,5.8,,5.6,2.9,5.74,,5.7,2.9,5.85,3.5,5.7,3.0
1995-08-01,81.66,385.209,383.202,382.931,383.50199999999995,595.53,582.92,578.77,559.11,17.99,17.43,18.23,18.02,5.8,,5.6,3.0,5.76,2.9,5.5,3.0,5.8,,5.6,2.9,5.74,,5.7,2.9
1995-09-01,81.54,387.445,385.209,383.202,382.931,614.57,595.53,582.92,578.77,19.03,17.99,17.43,18.23,5.6,,5.6,3.0,5.8,,5.6,3.0,5.76,2.9,5.5,3.0,5.8,,5.6,2.9
1995-10-01,81.46,398.695,387.445,385.209,383.202,614.42,614.57,595.53,582.92,18.86,19.03,17.99,17.43,5.56,2.7,5.6,3.0,5.6,,5.6,3.0,5.8,,5.6,3.0,5.76,2.9,5.5,3.0
1995-11-01,81.43,404.91900000000004,398.695,387.445,385.209,649.54,614.42,614.57,595.53,19.09,18.86,19.03,17.99,5.22,,5.5,2.9,5.56,2.7,5.6,3.0,5.6,,5.6,3.0,5.8,,5.6,3.0
1995-12-01,81.7,396.51199999999994,404.91900000000004,398.695,387.445,647.07,649.54,614.42,614.57,21.33,19.09,18.86,19.03,5.31,,5.5,2.8,5.22,,5.5,2.9,5.56,2.7,5.6,3.0,5.6,,5.6,3.0
1996-01-01,82.15,392.87,396.51199999999994,404.91900000000004,398.695,647.17,647.07,649.54,614.42,23.5,21.33,19.09,18.86,5.22,7.2,5.6,2.7,5.31,,5.5,2.8,5.22,,5.5,2.9,5.56,2.7,5.6,3.0
1996-02-01,82.63,391.99,392.87,396.51199999999994,404.91900000000004,661.23,647.17,647.07,649.54,21.17,23.5,21.33,19.09,5.24,,5.6,2.7,5.22,7.2,5.6,2.7,5.31,,5.5,2.8,5.22,,5.5,2.9
1996-03-01,83.08,385.245,391.99,392.87,396.51199999999994,668.5,661.23,647.17,647.07,20.42,21.17,23.5,21.33,5.27,,5.3,2.7,5.24,,5.6,2.7,5.22,7.2,5.6,2.7,5.31,,5.5,2.8
1996-04-01,83.45,383.457,385.245,391.99,392.87,644.07,668.5,661.23,647.17,21.3,20.42,21.17,23.5,5.4,3.7,5.5,2.7,5.27,,5.3,2.7,5.24,,5.6,2.7,5.22,7.2,5.6,2.7
1996-05-01,83.68,387.51,383.457,385.245,391.99,662.68,644.07,668.5,661.23,21.9,21.3,20.42,21.17,5.22,,5.1,2.6,5.4,3.7,5.5,2.7,5.27,,5.3,2.7,5.24,,5.6,2.7
1996-06-01,83.74,383.29,387.51,383.457,385.245,674.88,662.68,644.07,668.5,23.97,21.9,21.3,20.42,5.3,,5.2,2.7,5.22,,5.1,2.6,5.4,3.7,5.5,2.7,5.27,,5.3,2.7
1996-07-01,83.66,380.909,383.29,387.51,383.457,701.46,674.88,662.68,644.07,24.88,23.97,21.9,21.3,5.24,4.3,5.2,2.6,5.3,,5.2,2.7,5.22,,5.1,2.6,5.4,3.7,5.5,2.7
1996-08-01,83.59,377.869,380.909,383.29,387.51,735.67,701.46,674.88,662.68,23.71,24.88,23.97,21.9,5.31,,5.4,2.6,5.24,4.3,5.2,2.6,5.3,,5.2,2.7,5.22,,5.1,2.6
1996-09-01,83.52,369.338,377.869,380.909,383.29,743.25,735.67,701.46,674.88,25.23,23.71,24.88,23.97,5.29,,5.4,2.6,5.31,,5.4,2.6,5.24,4.3,5.2,2.6,5.3,,5.2,2.7
1996-10-01,83.56,355.025,369.338,377.869,380.909,766.22,743.25,735.67,701.46,25.13,25.23,23.71,24.88,5.25,3.1,5.3,2.5,5.29,,5.4,2.6,5.31,,5.4,2.6,5.24,4.3,5.2,2.6
1996-11-01,83.63,346.4,355.025,369.338,377.869,798.39,766.22,743.25,735.67,22.18,25.13,25.23,23.71,5.19,,5.2,2.5,5.25,3.1,5.3,2.5,5.29,,5.4,2.6,5.31,,5.4,2.6
1996-12-01,83.94,352.311,346.4,355.025,369.338,792.16,798.39,766.22,743.25,20.97,22.18,25.13,25.23,5.39,,5.2,2.5,5.19,,5.2,2.5,5.25,3.1,5.3,2.5,5.29,,5.4,2.6
1997-01-01,84.36,344.707,352.311,346.4,355.025,763.93,792.16,798.39,766.22,19.7,20.97,22.18,25.13,5.51,6.2,5.1,2.7,5.39,,5.2,2.5,5.19,,5.2,2.5,5.25,3.1,5.3,2.5
1997-02-01,84.9,344.1,344.707,352.311,346.4,833.09,763.93,792.16,798.39,20.82,19.7,20.97,22.18,5.5,,4.9,2.5,5.51,6.2,5.1,2.7,5.39,,5.2,2.5,5.19,,5.2,2.5
1997-03-01,85.44,340.805,344.1,344.707,352.311,876.29,833.09,763.93,792.16,19.26,20.82,19.7,20.97,5.56,,5.0,2.4,5.5,,4.9,2.5,5.51,6.2,5.1,2.7,5.39,,5.2,2.5
1997-04-01,85.88,323.78,340.805,344.1,344.707,925.29,876.29,833.09,763.93,19.66,19.26,20.82,19.7,5.52,5.2,4.9,2.4,5.56,,5.0,2.4,5.5,,4.9,2.5,5.51,6.2,5.1,2.7
1997-05-01,86.19,323.998,323.78,340.805,344.1,927.24,925.29,876.29,833.09,19.95,19.66,19.26,20.82,5.54,,4.8,2.3,5.52,5.2,4.9,2.4,5.56,,5.0,2.4,5.5,,4.9,2.5
1997-06-01,86.35,322.616,323.998,323.78,340.805,937.02,927.24,925.29,876.29,19.8,19.95,19.66,19.26,5.54,,4.9,2.2,5.54,,4.8,2.3,5.52,5.2,4.9,2.4,5.56,,5.0,2.4
1997-07-01,86.44,324.863,322.616,323.998,323.78,951.16,937.02,927.24,925.29,21.33,19.8,19.95,19.66,5.5,3.1,4.7,2.3,5.54,,4.9,2.2,5.54,,4.8,2.3,5.52,5.2,4.9,2.4
1997-08-01,86.67,306.345,324.863,322.616,323.998,938.92,951.16,937.02,927.24,20.19,21.33,19.8,19.95,5.52,,4.6,2.2,5.5,3.1,4.7,2.3,5.54,,4.9,2.2,5.54,,4.8,2.3
1997-09-01,86.89,288.776,306.345,324.863,322.616,962.37,938.92,951.16,937.02,18.33,20.19,21.33,19.8,5.5,,4.7,2.2,5.52,,4.6,2.2,5.5,3.1,4.7,2.3,5.54,,4.9,2.2
1997-10-01,87.2,289.264,288.776,306.345,324.863,963.36,962.37,938.92,951.16,16.72,18.33,20.19,21.33,5.56,4.0,4.6,2.2,5.5,,4.7,2.2,5.52,,4.6,2.2,5.5,3.1,4.7,2.3
1997-11-01,87.41,297.743,289.264,288.776,306.345,1023.74,963.36,962.37,938.92,16.06,16.72,18.33,20.19,5.51,,4.6,2.3,5.56,4.0,4.6,2.2,5.5,,4.7,2.2,5.52,,4.6,2.2
1997-12-01,87.92,295.87,297.743,289.264,288.776,1076.83,1023.74,963.36,962.37,15.12,16.06,16.72,18.33,5.49,,4.7,2.1,5.51,,4.6,2.3,5.56,4.0,4.6,2.2,5.5,,4.7,2.2
1998-01-01,88.6,308.558,295.87,297.743,289.264,1112.2,1076.83,1023.74,963.36,15.35,15.12,16.06,16.72,5.45,3.9,4.3,2.1,5.49,,4.7,2.1,5.51,,4.6,2.3,5.56,4.0,4.6,2.2
1998-02-01,89.41,298.971,308.558,295.87,297.743,1108.42,1112.2,1076.83,1023.74,14.91,15.35,15.12,16.06,5.49,,4.4,2.2,5.45,3.9,4.3,2.1,5.49,,4.7,2.1,5.51,,4.6,2.3
1998-03-01,90.23,292.223,298.971,308.558,295.87,1108.39,1108.42,1112.2,1076.83,13.72,14.91,15.35,15.12,5.56,,4.5,2.2,5.49,,4.4,2.2,5.45,3.9,4.3,2.1,5.49,,4.7,2.1
1998-04-01,90.9,292.874,292.223,298.971,308.558,1156.58,1108.39,1108.42,1112.2,14.17,13.72,14.91,15.35,5.54,5.3,4.5,2.2,5.56,,4.5,2.2,5.49,,4.4,2.2,5.45,3.9,4.3,2.1
1998-05-01,91.44,284.228,292.874,292.223,298.971,1074.62,1156.58,1108.39,1108.42,13.47,14.17,13.72,14.91,5.55,,4.5,2.5,5.54,5.3,4.5,2.2,5.56,,4.5,2.2,5.49,,4.4,2.2
1998-06-01,91.79,288.661,284.228,292.874,292.223,1020.64,1074.62,1156.58,1108.39,15.03,13.47,14.17,13.72,5.51,,4.6,2.5,5.55,,4.5,2.5,5.54,5.3,4.5,2.2,5.56,,4.5,2.2
1998-07-01,92.03,296.595,288.661,284.228,292.874,1032.47,1020.64,1074.62,1156.58,14.46,15.03,13.47,14.17,5.07,6.7,4.5,2.3,5.51,,4.6,2.5,5.55,,4.5,2.5,5.54,5.3,4.5,2.2
1998-08-01,92.23,294.243,296.595,288.661,284.228,1144.43,1032.47,1020.64,1074.62,13.0,14.46,15.03,13.47,4.83,,4.4,2.3,5.07,6.7,4.5,2.3,5.51,,4.6,2.5,5.55,,4.5,2.5
1998-09-01,92.48,291.357,294.243,296.595,288.661,1190.05,1144.43,1032.47,1020.64,11.35,13.0,14.46,15.03,4.68,,4.4,2.4,4.83,,4.4,2.3,5.07,6.7,4.5,2.3,5.51,,4.6,2.5
1998-10-01,92.75,287.33299999999997,291.357,294.243,296.595,1248.77,1190.05,1144.43,1032.47,12.52,11.35,13.0,14.46,4.63,3.2,4.3,2.4,4.68,,4.4,2.4,4.83,,4.4,2.3,5.07,6.7,4.5,2.3
1998-11-01,93.02,287.495,287.33299999999997,291.357,294.243,1246.58,1248.77,1190.05,1144.43,12.01,12.52,11.35,13.0,4.76,,4.4,2.1,4.63,3.2,4.3,2.4,4.68,,4.4,2.4,4.83,,4.4,2.3
1998-12-01,93.65,286.243,287.495,287.33299999999997,291.357,1281.66,1246.58,1248.77,1190.05,14.68,12.01,12.52,11.35,4.81,,4.2,2.1,4.76,,4.4,2.1,4.63,3.2,4.3,2.4,4.68,,4.4,2.4
1999-01-01,94.48,282.62,286.243,287.495,287.33299999999997,1334.76,1281.66,1246.58,1248.77,17.31,14.68,12.01,12.52,4.74,3.3,4.3,2.2,4.81,,4.2,2.1,4.76,,4.4,2.1,4.63,3.2,4.3,2.4
1999-02-01,95.4,276.932,282.62,286.243,287.495,1332.07,1334.76,1281.66,1246.58,17.72,17.31,14.68,12.01,4.74,,4.2,2.0,4.74,3.3,4.3,2.2,4.81,,4.2,2.1,4.76,,4.4,2.1
1999-03-01,96.4,261.402,276.932,282.62,286.243,1322.55,1332.07,1334.76,1281.66,17.92,17.72,17.31,14.68,4.76,,4.3,2.1,4.74,,4.2,2.0,4.74,3.3,4.3,2.2,4.81,,4.2,2.1
1999-04-01,97.23,256.198,261.402,276.932,282.62,1380.99,1322.55,1332.07,1334.76,20.1,17.92,17.72,17.31,4.99,5.1,4.3,2.1,4.76,,4.3,2.1,4.74,,4.2,2.0,4.74,3.3,4.3,2.2
1999-05-01,97.94,256.936,256.198,261.402,276.932,1327.49,1380.99,1322.55,1332.07,21.28,20.1,17.92,17.72,5.07,,4.2,1.9,4.99,5.1,4.3,2.1,4.76,,4.3,2.1,4.74,,4.2,2.0
1999-06-01,98.44,264.47,256.936,256.198,261.402,1318.17,1327.49,1380.99,1322.55,23.8,21.28,20.1,17.92,5.22,,4.2,2.0,5.07,,4.2,1.9,4.99,5.1,4.3,2.1,4.76,,4.3,2.1
1999-07-01,98.88,311.562,264.47,256.936,256.198,1300.01,1318.17,1327.49,1380.99,22.69,23.8,21.28,20.1,5.2,7.1,4.1,2.1,5.22,,4.2,2.0,5.07,,4.2,1.9,4.99,5.1,4.3,2.1
1999-08-01,99.2,293.65,311.562,264.47,256.936,1391.0,1300.01,1318.17,1327.49,25.0,22.69,23.8,21.28,5.42,,4.1,2.1,5.2,7.1,4.1,2.1,5.22,,4.2,2.0,5.07,,4.2,1.9
1999-09-01,99.59,283.743,293.65,311.562,264.47,1428.68,1391.0,1300.01,1318.17,26.1,25.0,22.69,23.8,5.3,,4.0,1.9,5.42,,4.1,2.1,5.2,7.1,4.1,2.1,5.22,,4.2,2.0
1999-10-01,100.0,284.59,283.743,293.65,311.562,1425.59,1428.68,1391.0,1300.01,27.26,26.1,25.0,22.69,5.45,1.2,4.0,2.0,5.3,,4.0,1.9,5.42,,4.1,2.1,5.2,7.1,4.1,2.1
1999-11-01,100.57,300.855,284.59,283.743,293.65,1388.87,1425.59,1428.68,1391.0,29.37,27.26,26.1,25.0,5.73,,4.1,2.2,5.45,1.2,4.0,2.0,5.3,,4.0,1.9,5.42,,4.1,2.1
1999-12-01,101.47,286.704,300.855,284.59,283.743,1442.21,1388.87,1425.59,1428.68,29.84,29.37,27.26,26.1,5.85,,4.0,2.4,5.73,,4.1,2.2,5.45,1.2,4.0,2.0,5.3,,4.0,1.9
2000-01-01,102.54,279.961,286.704,300.855,284.59,1461.36,1442.21,1388.87,1425.59,25.72,29.84,29.37,27.26,6.02,7.8,3.8,2.3,5.85,,4.0,2.4,5.73,,4.1,2.2,5.45,1.2,4.0,2.0
2000-02-01,103.7,275.293,279.961,286.704,300.855,1418.48,1461.36,1442.21,1388.87,28.79,25.72,29.84,29.37,6.27,,4.0,2.4,6.02,7.8,3.8,2.3,5.85,,4.0,2.4,5.73,,4.1,2.2
2000-03-01,104.86,285.368,275.293,279.961,286.704,1461.96,1418.48,1461.36,1442.21,31.82,28.79,25.72,29.84,6.53,,4.0,2.5,6.27,,4.0,2.4,6.02,7.8,3.8,2.3,5.85,,4.0,2.4
2000-04-01,105.72,282.152,285.368,275.293,279.961,1473.0,1461.96,1418.48,1461.36,29.7,31.82,28.79,25.72,6.54,0.5,4.0,2.5,6.53,,4.0,2.5,6.27,,4.0,2.4,6.02,7.8,3.8,2.3
2000-05-01,106.52,274.52299999999997,282.152,285.368,275.293,1485.46,1473.0,1461.96,1418.48,31.26,29.7,31.82,28.79,6.5,,4.1,2.6,6.54,0.5,4.0,2.5,6.53,,4.0,2.5,6.27,,4.0,2.4
2000-06-01,107.14,273.676,274.52299999999997,282.152,285.368,1468.05,1485.46,1473.0,1461.96,33.88,31.26,29.7,31.82,6.52,,3.9,2.6,6.5,,4.1,2.6,6.54,0.5,4.0,2.5,6.53,,4.0,2.5
2000-07-01,107.73,270.405,273.676,274.52299999999997,282.152,1390.14,1468.05,1485.46,1473.0,33.11,33.88,31.26,29.7,6.51,2.3,3.9,2.5,6.52,,3.9,2.6,6.5,,4.1,2.6,6.54,0.5,4.0,2.5
2000-08-01,108.29,265.98900000000003,270.405,273.676,274.52299999999997,1378.04,1390.14,1468.05,1485.46,34.42,33.11,33.88,31.26,6.51,,3.9,2.6,6.51,2.3,3.9,2.5,6.52,,3.9,2.6,6.5,,4.1,2.6
2000-09-01,108.79,271.892,265.98900000000003,270.405,273.676,1330.93,1378.04,1390.14,1468.05,28.44,34.42,33.11,33.88,6.4,,3.9,2.6,6.51,,3.9,2.6,6.51,2.3,3.9,2.5,6.52,,3.9,2.6
2000-10-01,109.22,265.934,271.892,265.98900000000003,270.405,1335.63,1330.93,1378.04,1390.14,29.59,28.44,34.42,33.11,5.98,-1.1,4.2,2.6,6.4,,3.9,2.6,6.51,,3.9,2.6,6.51,2.3,3.9,2.5
2000-11-01,109.64,262.018,265.934,271.892,265.98900000000003,1305.75,1335.63,1330.93,1378.04,29.61,29.59,28.44,34.42,5.49,,4.2,2.7,5.98,-1.1,4.2,2.6,6.4,,3.9,2.6,6.51,,3.9,2.6
2000-12-01,110.4,263.27299999999997,262.018,265.934,271.892,1185.85,1305.75,1335.63,1330.93,27.25,29.61,29.59,28.44,5.31,,4.3,2.7,5.49,,4.2,2.7,5.98,-1.1,4.2,2.6,6.4,,3.9,2.6
2001-01-01,111.25,260.75,263.27299999999997,262.018,265.934,1189.84,1185.85,1305.75,1335.63,27.49,27.25,29.61,29.59,4.8,2.1,4.4,2.6,5.31,,4.3,2.7,5.49,,4.2,2.7,5.98,-1.1,4.2,2.6
2001-02-01,112.2,272.057,260.75,263.27299999999997,262.018,1270.37,1189.84,1185.85,1305.75,28.63,27.49,27.25,29.61,4.21,,4.3,2.5,4.8,2.1,4.4,2.6,5.31,,4.3,2.7,5.49,,4.2,2.7
2001-03-01,113.27,270.738,272.057,260.75,263.27299999999997,1238.71,1270.37,1189.84,1185.85,27.6,28.63,27.49,27.25,3.97,,4.5,2.7,4.21,,4.3,2.5,4.8,2.1,4.4,2.6,5.31,,4.3,2.7
2001-04-01,114.23,267.707,270.738,272.057,260.75,1204.45,1238.71,1270.37,1189.84,26.43,27.6,28.63,27.49,3.77,-1.3,4.6,2.7,3.97,,4.5,2.7,4.21,,4.3,2.5,4.8,2.1,4.4,2.6
2001-05-01,114.99,272.657,267.707,270.738,272.057,1178.5,1204.45,1238.71,1270.37,27.37,26.43,27.6,28.63,3.65,,4.9,2.7,3.77,-1.3,4.6,2.7,3.97,,4.5,2.7,4.21,,4.3,2.5
2001-06-01,115.47,282.478,272.657,267.707,270.738,1044.64,1178.5,1204.45,1238.71,26.2,27.37,26.43,27.6,3.07,,5.0,2.6,3.65,,4.9,2.7,3.77,-1.3,4.6,2.7,3.97,,4.5,2.7
2001-07-01,115.68,283.322,282.478,272.657,267.707,1076.59,1044.64,1178.5,1204.45,22.17,26.2,27.37,26.43,2.49,1.1,5.3,2.6,3.07,,5.0,2.6,3.65,,4.9,2.7,3.77,-1.3,4.6,2.7
2001-08-01,115.84,276.248,283.322,282.478,272.657,1129.68,1076.59,1044.64,1178.5,19.64,22.17,26.2,27.37,2.09,,5.5,2.8,2.49,1.1,5.3,2.6,3.07,,5.0,2.6,3.65,,4.9,2.7
2001-09-01,116.06,275.992,276.248,283.322,282.478,1144.93,1129.68,1076.59,1044.64,19.39,19.64,22.17,26.2,1.82,,5.7,2.7,2.09,,5.5,2.8,2.49,1.1,5.3,2.6,3.07,,5.0,2.6
2001-10-01,116.44,281.764,275.992,276.248,283.322,1140.21,1144.93,1129.68,1076.59,19.72,19.39,19.64,22.17,1.73,3.7,5.7,2.6,1.82,,5.7,2.7,2.09,,5.5,2.8,2.49,1.1,5.3,2.6
2001-11-01,116.92,295.683,281.764,275.992,276.248,1100.67,1140.21,1144.93,1129.68,20.72,19.72,19.39,19.64,1.74,,5.7,2.6,1.73,3.7,5.7,2.6,1.82,,5.7,2.7,2.09,,5.5,2.8
2001-12-01,117.93,294.353,295.683,281.764,275.992,1153.79,1100.67,1140.21,1144.93,24.53,20.72,19.72,19.39,1.73,,5.7,2.4,1.74,,5.7,2.6,1.73,3.7,5.7,2.6,1.82,,5.7,2.7
2002-01-01,119.21,302.862,294.353,295.683,281.764,1111.93,1153.79,1100.67,1140.21,26.18,24.53,20.72,19.72,1.75,2.2,5.9,2.5,1.73,,5.7,2.4,1.74,,5.7,2.6,1.73,3.7,5.7,2.6
2002-02-01,120.79,314.48,302.862,294.353,295.683,1079.25,1111.93,1153.79,1100.67,27.04,26.18,24.53,20.72,1.75,,5.8,2.5,1.75,2.2,5.9,2.5,1.73,,5.7,2.4,1.74,,5.7,2.6
2002-03-01,122.33,321.536,314.48,302.862,294.353,1014.02,1079.25,1111.93,1153.79,25.52,27.04,26.18,24.53,1.75,,5.8,2.3,1.75,,5.8,2.5,1.75,2.2,5.9,2.5,1.73,,5.7,2.4
2002-04-01,123.69,313.567,321.536,314.48,302.862,903.59,1014.02,1079.25,1111.93,26.97,25.52,27.04,26.18,1.73,2.0,5.8,2.2,1.75,,5.8,2.3,1.75,,5.8,2.5,1.75,2.2,5.9,2.5
2002-05-01,124.73,310.045,313.567,321.536,314.48,912.55,903.59,1014.02,1079.25,28.39,26.97,25.52,27.04,1.74,,5.7,2.4,1.73,2.0,5.8,2.2,1.75,,5.8,2.3,1.75,,5.8,2.5
2002-06-01,125.49,318.8,310.045,313.567,321.536,867.81,912.55,903.59,1014.02,29.66,28.39,26.97,25.52,1.75,,5.7,2.2,1.74,,5.7,2.4,1.73,2.0,5.8,2.2,1.75,,5.8,2.3
2002-07-01,126.14,316.748,318.8,310.045,313.567,854.63,867.81,912.55,903.59,28.84,29.66,28.39,26.97,1.75,0.3,5.7,2.2,1.75,,5.7,2.2,1.74,,5.7,2.4,1.73,2.0,5.8,2.2
2002-08-01,126.64,319.255,316.748,318.8,310.045,909.93,854.63,867.81,912.55,26.35,28.84,29.66,28.39,1.34,,5.9,2.0,1.75,0.3,5.7,2.2,1.75,,5.7,2.2,1.74,,5.7,2.4
2002-09-01,127.15,333.3,319.255,316.748,318.8,899.18,909.93,854.63,867.81,29.46,26.35,28.84,29.66,1.24,,6.0,1.9,1.34,,5.9,2.0,1.75,0.3,5.7,2.2,1.75,,5.7,2.2
2002-10-01,127.65,356.86400000000003,333.3,319.255,316.748,895.84,899.18,909.93,854.63,32.95,29.46,26.35,28.84,1.24,2.1,5.8,1.9,1.24,,6.0,1.9,1.34,,5.9,2.0,1.75,0.3,5.7,2.2
2002-11-01,128.33,359.575,356.86400000000003,333.3,319.255,837.03,895.84,899.18,909.93,35.83,32.95,29.46,26.35,1.26,,5.9,1.7,1.24,2.1,5.8,1.9,1.24,,6.0,1.9,1.34,,5.9,2.0
2002-12-01,129.31,341.564,359.575,356.86400000000003,333.3,846.63,837.03,895.84,899.18,33.51,35.83,32.95,29.46,1.25,,5.9,1.7,1.26,,5.9,1.7,1.24,2.1,5.8,1.9,1.24,,6.0,1.9
2003-01-01,130.49,328.208,341.564,359.575,356.86400000000003,890.03,846.63,837.03,895.84,28.17,33.51,35.83,32.95,1.26,3.8,6.0,1.5,1.25,,5.9,1.7,1.26,,5.9,1.7,1.24,2.1,5.8,1.9
2003-02-01,131.84,355.405,328.208,341.564,359.575,935.96,890.03,846.63,837.03,28.11,28.17,33.51,35.83,1.26,,6.1,1.6,1.26,3.8,6.0,1.5,1.25,,5.9,1.7,1.26,,5.9,1.7
2003-03-01,133.23,356.912,355.405,328.208,341.564,988.0,935.96,890.03,846.63,30.66,28.11,28.17,33.51,1.22,,6.3,1.5,1.26,,6.1,1.6,1.26,3.8,6.0,1.5,1.25,,5.9,1.7
2003-04-01,134.65,350.765,356.912,355.405,328.208,992.54,988.0,935.96,890.03,30.76,30.66,28.11,28.17,1.01,6.9,6.2,1.5,1.22,,6.3,1.5,1.26,,6.1,1.6,1.26,3.8,6.0,1.5
2003-05-01,135.97,358.99300000000005,350.765,356.912,355.405,989.53,992.54,988.0,935.96,31.57,30.76,30.66,28.11,1.03,,6.1,1.3,1.01,6.9,6.2,1.5,1.22,,6.3,1.5,1.26,,6.1,1.6
2003-06-01,137.08,378.85900000000004,358.99300000000005,350.765,356.912,1019.44,989.53,992.54,988.0,28.31,31.57,30.76,30.66,1.01,,6.1,1.2,1.03,,6.1,1.3,1.01,6.9,6.2,1.5,1.22,,6.3,1.5
2003-07-01,137.98,379.093,378.85900000000004,358.99300000000005,350.765,1038.73,1019.44,989.53,992.54,30.34,28.31,31.57,30.76,1.01,4.8,6.0,1.3,1.01,,6.1,1.2,1.03,,6.1,1.3,1.01,6.9,6.2,1.5
2003-08-01,138.77,390.2,379.093,378.85900000000004,358.99300000000005,1049.9,1038.73,1019.44,989.53,31.11,30.34,28.31,31.57,1.0,,5.8,1.1,1.01,4.8,6.0,1.3,1.01,,6.1,1.2,1.03,,6.1,1.3
2003-09-01,139.63,407.67400000000004,390.2,379.093,378.85900000000004,1080.64,1049.9,1038.73,1019.44,32.13,31.11,30.34,28.31,0.98,,5.7,1.1,1.0,,5.8,1.1,1.01,4.8,6.0,1.3,1.01,,6.1,1.2
2003-10-01,140.71,414.495,407.67400000000004,390.2,379.093,1132.52,1080.64,1049.9,1038.73,34.31,32.13,31.11,30.34,1.0,2.3,5.7,1.1,0.98,,5.7,1.1,1.0,,5.8,1.1,1.01,4.8,6.0,1.3
2003-11-01,142.04,404.73,414.495,407.67400000000004,390.2,1143.36,1132.52,1080.64,1049.9,34.69,34.31,32.13,31.11,1.01,,5.6,1.2,1.0,2.3,5.7,1.1,0.98,,5.7,1.1,1.0,,5.8,1.1
2003-12-01,144.09,405.976,404.73,414.495,407.67400000000004,1123.98,1143.36,1132.52,1080.64,36.74,34.69,34.31,32.13,1.0,,5.8,1.6,1.01,,5.6,1.2,1.0,2.3,5.7,1.1,0.98,,5.7,1.1
2004-01-01,146.18,404.85,405.976,404.73,414.495,1133.36,1123.98,1143.36,1132.52,36.75,36.74,34.69,34.31,1.0,3.0,5.6,1.8,1.0,,5.8,1.6,1.01,,5.6,1.2,1.0,2.3,5.7,1.1
2004-02-01,148.33,383.95300000000003,404.85,405.976,404.73,1102.78,1133.36,1123.98,1143.36,40.28,36.75,36.74,34.69,1.0,,5.6,1.7,1.0,3.0,5.6,1.8,1.0,,5.8,1.6,1.01,,5.6,1.2
2004-03-01,150.52,391.78,383.95300000000003,404.85,405.976,1132.76,1102.78,1133.36,1123.98,38.03,40.28,36.75,36.74,1.03,,5.6,1.9,1.0,,5.6,1.7,1.0,3.0,5.6,1.8,1.0,,5.8,1.6
2004-04-01,152.34,398.441,391.78,383.95300000000003,404.85,1105.85,1132.76,1102.78,1133.36,40.78,38.03,40.28,36.75,1.26,3.7,5.5,1.8,1.03,,5.6,1.9,1.0,,5.6,1.7,1.0,3.0,5.6,1.8
2004-05-01,153.81,400.13300000000004,398.441,391.78,383.95300000000003,1088.94,1105.85,1132.76,1102.78,44.9,40.78,38.03,40.28,1.43,,5.4,1.7,1.26,3.7,5.5,1.8,1.03,,5.6,1.9,1.0,,5.6,1.7
2004-06-01,155.11,405.402,400.13300000000004,398.441,391.78,1117.66,1088.94,1105.85,1132.76,45.94,44.9,40.78,38.03,1.61,,5.4,2.0,1.43,,5.4,1.7,1.26,3.7,5.5,1.8,1.03,,5.6,1.9
2004-07-01,156.3,420.21,405.402,400.13300000000004,398.441,1117.21,1117.66,1088.94,1105.85,53.28,45.94,44.9,40.78,1.76,3.5,5.5,2.0,1.61,,5.4,2.0,1.43,,5.4,1.7,1.26,3.7,5.5,1.8
2004-08-01,157.5,439.059,420.21,405.402,400.13300000000004,1168.94,1117.21,1117.66,1088.94,48.47,53.28,45.94,44.9,1.93,,5.4,2.2,1.76,3.5,5.5,2.0,1.61,,5.4,2.0,1.43,,5.4,1.7
2004-09-01,158.67,442.974,439.059,420.21,405.402,1199.21,1168.94,1117.21,1117.66,43.15,48.47,53.28,45.94,2.16,,5.4,2.2,1.93,,5.4,2.2,1.76,3.5,5.5,2.0,1.61,,5.4,2.0
2004-10-01,160.13,424.08,442.974,439.059,420.21,1181.41,1199.21,1168.94,1117.21,46.84,43.15,48.47,53.28,2.28,4.3,5.3,2.3,2.16,,5.4,2.2,1.93,,5.4,2.2,1.76,3.5,5.5,2.0
2004-11-01,161.93,423.43,424.08,442.974,439.059,1199.63,1181.41,1199.21,1168.94,48.15,46.84,43.15,48.47,2.5,,5.4,2.4,2.28,4.3,5.3,2.3,2.16,,5.4,2.2,1.93,,5.4,2.2
2004-12-01,164.58,434.355,423.43,424.08,442.974,1194.9,1199.63,1181.41,1199.21,54.19,48.15,46.84,43.15,2.63,,5.2,2.3,2.5,,5.4,2.4,2.28,4.3,5.3,2.3,2.16,,5.4,2.2
2005-01-01,167.0,429.14,434.355,423.43,424.08,1164.43,1194.9,1199.63,1181.41,52.98,54.19,48.15,46.84,2.79,2.1,5.2,2.2,2.63,,5.2,2.3,2.5,,5.4,2.4,2.28,4.3,5.3,2.3
2005-02-01,169.54,422.903,429.14,434.355,423.43,1178.28,1164.43,1194.9,1199.63,49.83,52.98,54.19,48.15,3.0,,5.1,2.2,2.79,2.1,5.2,2.2,2.63,,5.2,2.3,2.5,,5.4,2.4
2005-03-01,172.01,430.30199999999996,422.903,429.14,434.355,1202.25,1178.28,1164.43,1194.9,56.35,49.83,52.98,54.19,3.04,,5.0,2.0,3.0,,5.1,2.2,2.79,2.1,5.2,2.2,2.63,,5.2,2.3
2005-04-01,174.1,424.745,430.30199999999996,422.903,429.14,1222.24,1202.25,1178.28,1164.43,59.0,56.35,49.83,52.98,3.26,3.4,5.0,2.1,3.04,,5.0,2.0,3.0,,5.1,2.2,2.79,2.1,5.2,2.2
2005-05-01,175.92,437.773,424.745,430.30199999999996,422.903,1224.27,1222.24,1202.25,1178.28,64.99,59.0,56.35,49.83,3.5,,4.9,2.1,3.26,3.4,5.0,2.1,3.04,,5.0,2.0,3.0,,5.1,2.2
2005-06-01,177.61,455.936,437.773,424.745,430.30199999999996,1225.92,1224.27,1222.24,1202.25,65.59,64.99,59.0,56.35,3.62,,5.0,2.0,3.5,,4.9,2.1,3.26,3.4,5.0,2.1,3.04,,5.0,2.0
2005-07-01,178.76,470.10699999999997,455.936,437.773,424.745,1191.96,1225.92,1224.27,1222.24,62.26,65.59,64.99,59.0,3.78,2.3,5.0,2.1,3.62,,5.0,2.0,3.5,,4.9,2.1,3.26,3.4,5.0,2.1
2005-08-01,179.68,476.668,470.10699999999997,455.936,437.773,1237.37,1191.96,1225.92,1224.27,58.32,62.26,65.59,64.99,4.0,,5.0,2.1,3.78,2.3,5.0,2.1,3.62,,5.0,2.0,3.5,,4.9,2.1
2005-09-01,180.11,509.423,476.668,470.10699999999997,455.936,1262.07,1237.37,1191.96,1225.92,59.41,58.32,62.26,65.59,4.16,,4.9,2.2,4.0,,5.0,2.1,3.78,2.3,5.0,2.1,3.62,,5.0,2.0
2005-10-01,180.83,549.433,509.423,476.668,470.10699999999997,1278.73,1262.07,1237.37,1191.96,65.49,59.41,58.32,62.26,4.29,4.9,4.7,2.1,4.16,,4.9,2.2,4.0,,5.0,2.1,3.78,2.3,5.0,2.1
2005-11-01,181.5,555.518,549.433,509.423,476.668,1276.65,1278.73,1262.07,1237.37,61.63,65.49,59.41,58.32,4.49,,4.8,2.1,4.29,4.9,4.7,2.1,4.16,,4.9,2.2,4.0,,5.0,2.1
2005-12-01,182.75,557.215,555.518,549.433,509.423,1293.74,1276.65,1278.73,1262.07,62.69,61.63,65.49,59.41,4.59,,4.7,2.1,4.49,,4.8,2.1,4.29,4.9,4.7,2.1,4.16,,4.9,2.2
2006-01-01,183.65,611.8530000000001,557.215,555.518,549.433,1302.17,1293.74,1276.65,1278.73,69.44,62.69,61.63,65.49,4.79,1.2,4.7,2.3,4.59,,4.7,2.1,4.49,,4.8,2.1,4.29,4.9,4.7,2.1
2006-02-01,184.39,676.7689999999999,611.8530000000001,557.215,555.518,1290.01,1302.17,1293.74,1276.65,70.84,69.44,62.69,61.63,4.94,,4.6,2.4,4.79,1.2,4.7,2.3,4.59,,4.7,2.1,4.49,,4.8,2.1
2006-03-01,184.56,597.898,676.7689999999999,611.8530000000001,557.215,1253.17,1290.01,1302.17,1293.74,70.95,70.84,69.44,62.69,4.99,,4.6,2.6,4.94,,4.6,2.4,4.79,1.2,4.7,2.3,4.59,,4.7,2.1
2006-04-01,184.62,633.0930000000001,597.898,676.7689999999999,611.8530000000001,1260.24,1253.17,1290.01,1302.17,74.41,70.95,70.84,69.44,5.24,0.4,4.7,2.7,4.99,,4.6,2.6,4.94,,4.6,2.4,4.79,1.2,4.7,2.3
2006-05-01,184.42,631.557,633.0930000000001,597.898,676.7689999999999,1287.15,1260.24,1253.17,1290.01,73.04,74.41,70.95,70.84,5.25,,4.7,2.8,5.24,0.4,4.7,2.7,4.99,,4.6,2.6,4.94,,4.6,2.4
2006-06-01,184.21,600.15,631.557,633.0930000000001,597.898,1317.74,1287.15,1260.24,1253.17,63.8,73.04,74.41,70.95,5.25,,4.5,2.9,5.25,,4.7,2.8,5.24,0.4,4.7,2.7,4.99,,4.6,2.6
2006-07-01,184.07,586.648,600.15,631.557,633.0930000000001,1363.38,1317.74,1287.15,1260.24,58.89,63.8,73.04,74.41,5.25,3.2,4.4,2.7,5.25,,4.5,2.9,5.25,,4.7,2.8,5.24,0.4,4.7,2.7
2006-08-01,183.64,626.825,586.648,600.15,631.557,1388.64,1363.38,1317.74,1287.15,59.08,58.89,63.8,73.04,5.25,,4.5,2.6,5.25,3.2,4.4,2.7,5.25,,4.5,2.9,5.25,,4.7,2.8
2006-09-01,183.24,629.513,626.825,586.648,600.15,1416.42,1388.64,1363.38,1317.74,61.96,59.08,58.89,63.8,5.24,,4.4,2.6,5.25,,4.5,2.6,5.25,3.2,4.4,2.7,5.25,,4.5,2.9
2006-10-01,182.73,630.352,629.513,626.825,586.648,1424.16,1416.42,1388.64,1363.38,54.51,61.96,59.08,58.89,5.25,0.2,4.6,2.7,5.24,,4.4,2.6,5.25,,4.5,2.6,5.25,3.2,4.4,2.7
2006-11-01,182.48,665.1030000000001,630.352,629.513,626.825,1444.8,1424.16,1416.42,1388.64,59.28,54.51,61.96,59.08,5.26,,4.5,2.7,5.25,0.2,4.6,2.7,5.24,,4.4,2.6,5.25,,4.5,2.6
2006-12-01,182.21,655.8910000000001,665.1030000000001,630.352,629.513,1406.95,1444.8,1424.16,1416.42,60.44,59.28,54.51,61.96,5.26,,4.4,2.5,5.26,,4.5,2.7,5.25,0.2,4.6,2.7,5.24,,4.4,2.6
2007-01-01,182.15,680.008,655.8910000000001,665.1030000000001,630.352,1463.64,1406.95,1444.8,1424.16,63.98,60.44,59.28,54.51,5.25,3.1,4.5,2.3,5.26,,4.4,2.5,5.26,,4.5,2.7,5.25,0.2,4.6,2.7
2007-02-01,181.9,668.31,680.008,655.8910000000001,665.1030000000001,1511.14,1463.64,1406.95,1444.8,63.46,63.98,60.44,59.28,5.25,,4.4,2.2,5.25,3.1,4.5,2.3,5.26,,4.4,2.5,5.26,,4.5,2.7
2007-03-01,181.56,655.7139999999999,668.31,680.008,655.8910000000001,1514.19,1511.14,1463.64,1406.95,67.49,63.46,63.98,60.44,5.25,,4.6,2.2,5.25,,4.4,2.2,5.25,3.1,4.5,2.3,5.26,,4.4,2.5
2007-04-01,181.01,665.2660000000001,655.7139999999999,668.31,680.008,1520.71,1514.19,1511.14,1463.64,74.12,67.49,63.46,63.98,5.26,2.7,4.7,2.2,5.25,,4.6,2.2,5.25,,4.4,2.2,5.25,3.1,4.5,2.3
2007-05-01,180.25,664.53,665.2660000000001,655.7139999999999,668.31,1454.62,1520.71,1514.19,1511.14,72.36,74.12,67.49,63.46,5.02,,4.6,2.1,5.26,2.7,4.7,2.2,5.25,,4.6,2.2,5.25,,4.4,2.2
2007-06-01,179.14,710.645,664.53,665.2660000000001,655.7139999999999,1497.12,1454.62,1520.71,1514.19,79.92,72.36,74.12,67.49,4.94,,4.7,2.1,5.02,,4.6,2.1,5.26,2.7,4.7,2.2,5.25,,4.6,2.2
2007-07-01,177.55,754.48,710.645,664.53,665.2660000000001,1539.66,1497.12,1454.62,1520.71,85.8,79.92,72.36,74.12,4.76,1.4,4.7,2.2,4.94,,4.7,2.1,5.02,,4.6,2.1,5.26,2.7,4.7,2.2
2007-08-01,175.19,808.311,754.48,710.645,664.53,1463.39,1539.66,1497.12,1454.62,94.77,85.8,79.92,72.36,4.49,,4.7,2.3,4.76,1.4,4.7,2.2,4.94,,4.7,2.1,5.02,,4.6,2.1
2007-09-01,173.37,803.618,808.311,754.48,710.645,1479.22,1463.39,1539.66,1497.12,91.69,94.77,85.8,79.92,4.24,,5.0,2.4,4.49,,4.7,2.3,4.76,1.4,4.7,2.2,4.94,,4.7,2.1
2007-10-01,171.1,887.784,803.618,808.311,754.48,1378.76,1479.22,1463.39,1539.66,92.97,91.69,94.77,85.8,3.94,-2.7,5.0,2.5,4.24,,5.0,2.4,4.49,,4.7,2.3,4.76,1.4,4.7,2.2
2007-11-01,169.22,924.283,887.784,803.618,808.311,1354.87,1378.76,1479.22,1463.39,95.39,92.97,91.69,94.77,2.98,,4.9,2.3,3.94,-2.7,5.0,2.5,4.24,,5.0,2.4,4.49,,4.7,2.3
2007-12-01,167.93,971.055,924.283,887.784,803.618,1316.94,1354.87,1378.76,1479.22,105.45,95.39,92.97,91.69,2.61,,5.1,2.4,2.98,,4.9,2.3,3.94,-2.7,5.0,2.5,4.24,,5.0,2.4
2008-01-01,167.35,911.6,971.055,924.283,887.784,1370.47,1316.94,1354.87,1378.76,112.58,105.45,95.39,92.97,2.28,2.0,5.0,2.3,2.61,,5.1,2.4,2.98,,4.9,2.3,3.94,-2.7,5.0,2.5
2008-02-01,167.05,889.125,911.6,971.055,924.283,1403.22,1370.47,1316.94,1354.87,125.4,112.58,105.45,95.39,1.98,,5.4,2.3,2.28,2.0,5.0,2.3,2.61,,5.1,2.4,2.98,,4.9,2.3
2008-03-01,166.56,889.5360000000001,889.125,911.6,971.055,1341.25,1403.22,1370.47,1316.94,133.88,125.4,112.58,105.45,2.0,,5.6,2.4,1.98,,5.4,2.3,2.28,2.0,5.0,2.3,2.61,,5.1,2.4
2008-04-01,165.74,941.1669999999999,889.5360000000001,889.125,911.6,1257.33,1341.25,1403.22,1370.47,133.37,133.88,125.4,112.58,2.01,-1.9,5.8,2.5,2.0,,5.6,2.4,1.98,,5.4,2.3,2.28,2.0,5.0,2.3
2008-05-01,164.31,840.388,941.1669999999999,889.5360000000001,889.125,1281.47,1257.33,1341.25,1403.22,116.67,133.37,133.88,125.4,2.0,,6.1,2.5,2.01,-1.9,5.8,2.5,2.0,,5.6,2.4,1.98,,5.4,2.3
2008-06-01,161.94,824.92,840.388,941.1669999999999,889.5360000000001,1216.95,1281.47,1257.33,1341.25,104.11,116.67,133.37,133.88,1.81,,6.1,2.5,2.0,,6.1,2.5,2.01,-1.9,5.8,2.5,2.0,,5.6,2.4
2008-07-01,159.19,812.815,824.92,840.388,941.1669999999999,968.8,1216.95,1281.47,1257.33,76.61,104.11,116.67,133.37,0.97,-8.2,6.5,2.2,1.81,,6.1,2.5,2.0,,6.1,2.5,2.01,-1.9,5.8,2.5
2008-08-01,156.1,757.85,812.815,824.92,840.388,883.04,968.8,1216.95,1281.47,57.31,76.61,104.11,116.67,0.39,,6.8,2.0,0.97,-8.2,6.5,2.2,1.81,,6.1,2.5,2.0,,6.1,2.5
2008-09-01,152.57,819.94,757.85,812.815,824.92,877.56,883.04,968.8,1216.95,41.12,57.31,76.61,104.11,0.16,,7.3,1.8,0.39,,6.8,2.0,0.97,-8.2,6.5,2.2,1.81,,6.1,2.5
2008-10-01,149.39,857.7260000000001,819.94,757.85,812.815,865.58,877.56,883.04,968.8,41.71,41.12,57.31,76.61,0.15,-5.4,7.8,1.7,0.16,,7.3,1.8,0.39,,6.8,2.0,0.97,-8.2,6.5,2.2
2008-11-01,147.65,939.763,857.7260000000001,819.94,757.85,805.23,865.58,877.56,883.04,39.09,41.71,41.12,57.31,0.22,,8.3,1.8,0.15,-5.4,7.8,1.7,0.16,,7.3,1.8,0.39,,6.8,2.0
2008-12-01,146.54,925.9889999999999,939.763,857.7260000000001,819.94,757.13,805.23,865.58,877.56,47.94,39.09,41.71,41.12,0.18,,8.7,1.8,0.22,,8.3,1.8,0.15,-5.4,7.8,1.7,0.16,,7.3,1.8
2009-01-01,146.97,892.663,925.9889999999999,939.763,857.7260000000001,848.15,757.13,805.23,865.58,49.65,47.94,39.09,41.71,0.15,-0.5,9.0,1.9,0.18,,8.7,1.8,0.22,,8.3,1.8,0.15,-5.4,7.8,1.7
2009-02-01,148.2,926.855,892.663,925.9889999999999,939.763,902.41,848.15,757.13,805.23,59.03,49.65,47.94,39.09,0.18,,9.4,1.8,0.15,-0.5,9.0,1.9,0.18,,8.7,1.8,0.22,,8.3,1.8
2009-03-01,149.83,947.807,926.855,892.663,925.9889999999999,926.12,902.41,848.15,757.13,69.64,59.03,49.65,47.94,0.21,,9.5,1.7,0.18,,9.4,1.8,0.15,-0.5,9.0,1.9,0.18,,8.7,1.8
2009-04-01,150.78,934.2719999999999,947.807,926.855,892.663,935.82,926.12,902.41,848.15,64.15,69.64,59.03,49.65,0.16,1.3,9.5,1.5,0.21,,9.5,1.7,0.18,,9.4,1.8,0.15,-0.5,9.0,1.9
2009-05-01,150.7,949.5,934.2719999999999,947.807,926.855,1009.73,935.82,926.12,902.41,71.05,64.15,69.64,59.03,0.16,,9.6,1.4,0.16,1.3,9.5,1.5,0.21,,9.5,1.7,0.18,,9.4,1.8
2009-06-01,149.65,996.443,949.5,934.2719999999999,947.807,1044.55,1009.73,935.82,926.12,69.41,71.05,64.15,69.64,0.15,,9.8,1.5,0.16,,9.6,1.4,0.16,1.3,9.5,1.5,0.21,,9.5,1.7
2009-07-01,148.61,1043.511,996.443,949.5,934.2719999999999,1067.66,1044.55,1009.73,935.82,75.72,69.41,71.05,64.15,0.12,3.9,10.0,1.7,0.15,,9.8,1.5,0.16,,9.6,1.4,0.16,1.3,9.5,1.5
2009-08-01,147.97,1126.119,1043.511,996.443,949.5,1088.07,1067.66,1044.55,1009.73,77.99,75.72,69.41,71.05,0.12,,9.9,1.7,0.12,3.9,10.0,1.7,0.15,,9.8,1.5,0.16,,9.6,1.4
2009-09-01,146.7,1135.012,1126.119,1043.511,996.443,1110.38,1088.07,1067.66,1044.55,74.47,77.99,75.72,69.41,0.12,,9.9,1.8,0.12,,9.9,1.7,0.12,3.9,10.0,1.7,0.15,,9.8,1.5
2009-10-01,145.0,1119.575,1135.012,1126.119,1043.511,1123.58,1110.38,1088.07,1067.66,78.33,74.47,77.99,75.72,0.11,1.7,9.8,1.6,0.12,,9.9,1.8,0.12,,9.9,1.7,0.12,3.9,10.0,1.7
2009-11-01,143.06,1095.8,1119.575,1135.012,1126.119,1089.16,1123.58,1110.38,1088.07,76.39,78.33,74.47,77.99,0.13,,9.8,1.3,0.11,1.7,9.8,1.6,0.12,,9.9,1.8,0.12,,9.9,1.7
2009-12-01,143.6,1115.5539999999999,1095.8,1119.575,1135.012,1152.05,1089.16,1123.58,1110.38,81.2,76.39,78.33,74.47,0.16,,9.9,1.1,0.13,,9.8,1.3,0.11,1.7,9.8,1.6,0.12,,9.9,1.8
2010-01-01,145.39,1148.475,1115.5539999999999,1095.8,1119.575,1197.32,1152.05,1089.16,1123.58,84.29,81.2,76.39,78.33,0.2,3.9,9.9,0.9,0.16,,9.9,1.1,0.13,,9.8,1.3,0.11,1.7,9.8,1.6
2010-02-01,147.03,1204.3210000000001,1148.475,1115.5539999999999,1095.8,1125.06,1197.32,1152.05,1089.16,73.74,84.29,81.2,76.39,0.2,,9.6,0.9,0.2,3.9,9.9,0.9,0.16,,9.9,1.1,0.13,,9.8,1.3
2010-03-01,147.69,1232.382,1204.3210000000001,1148.475,1115.5539999999999,1083.36,1125.06,1197.32,1152.05,75.34,73.74,84.29,81.2,0.18,,9.4,0.9,0.2,,9.6,0.9,0.2,3.9,9.9,0.9,0.16,,9.9,1.1
2010-04-01,147.54,1196.0,1232.382,1204.3210000000001,1148.475,1079.8,1083.36,1125.06,1197.32,76.32,75.34,73.74,84.29,0.18,2.7,9.4,0.9,0.18,,9.4,0.9,0.2,,9.6,0.9,0.2,3.9,9.9,0.9
2010-05-01,146.4,1213.464,1196.0,1232.382,1204.3210000000001,1087.28,1079.8,1083.36,1125.06,76.6,76.32,75.34,73.74,0.19,,9.5,0.9,0.18,2.7,9.4,0.9,0.18,,9.4,0.9,0.2,,9.6,0.9
2010-06-01,144.58,1271.461,1213.464,1196.0,1232.382,1122.08,1087.28,1079.8,1083.36,75.24,76.6,76.32,75.34,0.19,,9.5,0.8,0.19,,9.5,0.9,0.18,2.7,9.4,0.9,0.18,,9.4,0.9
2010-07-01,143.11,1343.19,1271.461,1213.464,1196.0,1171.58,1122.08,1087.28,1079.8,81.89,75.24,76.6,76.32,0.19,2.5,9.4,0.6,0.19,,9.5,0.8,0.19,,9.5,0.9,0.18,2.7,9.4,0.9
2010-08-01,141.81,1371.7839999999999,1343.19,1271.461,1213.464,1198.89,1171.58,1122.08,1087.28,84.25,81.89,75.24,76.6,0.19,,9.8,0.8,0.19,2.5,9.4,0.6,0.19,,9.5,0.8,0.19,,9.5,0.9
2010-09-01,140.63,1393.5120000000002,1371.7839999999999,1343.19,1271.461,1241.53,1198.89,1171.58,1122.08,89.15,84.25,81.89,75.24,0.18,,9.3,0.8,0.19,,9.8,0.8,0.19,2.5,9.4,0.6,0.19,,9.5,0.8
2010-10-01,139.05,1360.475,1393.5120000000002,1371.7839999999999,1343.19,1282.62,1241.53,1198.89,1171.58,89.17,89.15,84.25,81.89,0.17,-1.5,9.1,1.0,0.18,,9.3,0.8,0.19,,9.8,0.8,0.19,2.5,9.4,0.6
2010-11-01,137.74,1371.3129999999999,1360.475,1393.5120000000002,1371.7839999999999,1321.12,1282.62,1241.53,1198.89,88.58,89.17,89.15,84.25,0.16,,9.0,1.1,0.17,-1.5,9.1,1.0,0.18,,9.3,0.8,0.19,,9.8,0.8
2010-12-01,137.79,1422.848,1371.3129999999999,1360.475,1393.5120000000002,1304.49,1321.12,1282.62,1241.53,102.86,88.58,89.17,89.15,0.14,,9.0,1.2,0.16,,9.0,1.1,0.17,-1.5,9.1,1.0,0.18,,9.3,0.8
2011-01-01,139.16,1474.431,1422.848,1371.3129999999999,1360.475,1331.51,1304.49,1321.12,1282.62,109.53,102.86,88.58,89.17,0.1,2.9,9.1,1.3,0.14,,9.0,1.2,0.16,,9.0,1.1,0.17,-1.5,9.1,1.0
2011-02-01,140.68,1512.1879999999999,1474.431,1422.848,1371.3129999999999,1338.31,1331.51,1304.49,1321.12,100.9,109.53,102.86,88.58,0.09,,9.0,1.5,0.1,2.9,9.1,1.3,0.14,,9.0,1.2,0.16,,9.0,1.1
2011-03-01,141.94,1528.38,1512.1879999999999,1474.431,1422.848,1287.29,1338.31,1331.51,1304.49,96.26,100.9,109.53,102.86,0.09,,9.1,1.6,0.09,,9.0,1.5,0.1,2.9,9.1,1.3,0.14,,9.0,1.2
2011-04-01,142.33,1568.526,1528.38,1512.1879999999999,1474.431,1325.19,1287.29,1338.31,1331.51,97.3,96.26,100.9,109.53,0.07,0.8,9.0,1.8,0.09,,9.1,1.6,0.09,,9.0,1.5,0.1,2.9,9.1,1.3
2011-05-01,141.77,1759.5,1568.526,1528.38,1512.1879999999999,1185.31,1325.19,1287.29,1338.31,86.33,97.3,96.26,100.9,0.1,,9.0,2.0,0.07,0.8,9.0,1.8,0.09,,9.1,1.6,0.09,,9.0,1.5
2011-06-01,140.15,1780.648,1759.5,1568.526,1528.38,1173.88,1185.31,1325.19,1287.29,85.52,86.33,97.3,96.26,0.08,,9.0,2.0,0.1,,9.0,2.0,0.07,0.8,9.0,1.8,0.09,,9.1,1.6
2011-07-01,138.4,1667.8929999999998,1780.648,1759.5,1568.526,1207.22,1173.88,1185.31,1325.19,86.32,85.52,86.33,97.3,0.07,4.6,8.8,2.1,0.08,,9.0,2.0,0.1,,9.0,2.0,0.07,0.8,9.0,1.8
2011-08-01,136.65,1735.977,1667.8929999999998,1780.648,1759.5,1226.42,1207.22,1173.88,1185.31,97.16,86.32,85.52,86.33,0.08,,8.6,2.2,0.07,4.6,8.8,2.1,0.08,,9.0,2.0,0.1,,9.0,2.0
2011-09-01,135.16,1652.725,1735.977,1667.8929999999998,1780.648,1243.32,1226.42,1207.22,1173.88,98.56,97.16,86.32,85.52,0.07,,8.5,2.2,0.08,,8.6,2.2,0.07,4.6,8.8,2.1,0.08,,9.0,2.0
2011-10-01,134.17,1656.095,1652.725,1735.977,1667.8929999999998,1300.58,1243.32,1226.42,1207.22,100.27,98.56,97.16,86.32,0.08,2.7,8.3,2.3,0.07,,8.5,2.2,0.08,,8.6,2.2,0.07,4.6,8.8,2.1
2011-11-01,134.02,1743.095,1656.095,1652.725,1735.977,1352.49,1300.58,1243.32,1226.42,102.2,100.27,98.56,97.16,0.1,,8.3,2.2,0.08,2.7,8.3,2.3,0.07,,8.5,2.2,0.08,,8.6,2.2
2011-12-01,135.9,1675.057,1743.095,1656.095,1652.725,1389.24,1352.49,1300.58,1243.32,106.16,102.2,100.27,98.56,0.13,,8.2,2.3,0.1,,8.3,2.2,0.08,2.7,8.3,2.3,0.07,,8.5,2.2
2012-01-01,138.52,1648.539,1675.057,1743.095,1656.095,1386.43,1389.24,1352.49,1300.58,103.32,106.16,102.2,100.27,0.14,1.9,8.2,2.3,0.13,,8.2,2.3,0.1,,8.3,2.2,0.08,2.7,8.3,2.3
2012-02-01,141.09,1585.114,1648.539,1675.057,1743.095,1341.27,1386.43,1389.24,1352.49,94.66,103.32,106.16,102.2,0.16,,8.2,2.3,0.14,1.9,8.2,2.3,0.13,,8.2,2.3,0.1,,8.3,2.2
2012-03-01,143.21,1595.632,1585.114,1648.539,1675.057,1323.48,1341.27,1386.43,1389.24,82.3,94.66,103.32,106.16,0.16,,8.2,2.2,0.16,,8.2,2.3,0.14,1.9,8.2,2.3,0.13,,8.2,2.3
2012-04-01,144.31,1592.7839999999999,1595.632,1585.114,1648.539,1359.78,1323.48,1341.27,1386.43,87.9,82.3,94.66,103.32,0.16,0.5,8.2,2.1,0.16,,8.2,2.2,0.16,,8.2,2.3,0.14,1.9,8.2,2.3
2012-05-01,144.74,1625.682,1592.7839999999999,1595.632,1585.114,1403.45,1359.78,1323.48,1341.27,94.13,87.9,82.3,94.66,0.13,,8.1,1.9,0.16,0.5,8.2,2.1,0.16,,8.2,2.2,0.16,,8.2,2.3
2012-06-01,144.39,1741.925,1625.682,1592.7839999999999,1595.632,1443.42,1403.45,1359.78,1323.48,94.51,94.13,87.9,82.3,0.14,,7.8,2.0,0.13,,8.1,1.9,0.16,0.5,8.2,2.1,0.16,,8.2,2.2
2012-07-01,144.01,1746.348,1741.925,1625.682,1592.7839999999999,1437.82,1443.42,1403.45,1359.78,89.49,94.51,94.13,87.9,0.16,0.1,7.8,2.0,0.14,,7.8,2.0,0.13,,8.1,1.9,0.16,0.5,8.2,2.1
2012-08-01,144.01,1724.352,1746.348,1741.925,1625.682,1394.51,1437.82,1443.42,1403.45,86.53,89.49,94.51,94.13,0.16,,7.7,1.9,0.16,0.1,7.8,2.0,0.14,,7.8,2.0,0.13,,8.1,1.9
2012-09-01,143.92,1687.342,1724.352,1746.348,1741.925,1422.29,1394.51,1437.82,1443.42,87.86,86.53,89.49,94.51,0.16,,7.9,1.9,0.16,,7.7,1.9,0.16,0.1,7.8,2.0,0.14,,7.8,2.0
2012-10-01,144.36,1671.886,1687.342,1724.352,1746.348,1480.4,1422.29,1394.51,1437.82,94.76,87.86,86.53,89.49,0.14,2.8,8.0,1.9,0.16,,7.9,1.9,0.16,,7.7,1.9,0.16,0.1,7.8,2.0
2012-11-01,145.2,1630.6879999999999,1671.886,1687.342,1724.352,1512.31,1480.4,1422.29,1394.51,95.31,94.76,87.86,86.53,0.15,,7.7,2.0,0.14,2.8,8.0,1.9,0.16,,7.9,1.9,0.16,,7.7,1.9
2012-12-01,148.01,1591.013,1630.6879999999999,1671.886,1687.342,1550.83,1512.31,1480.4,1422.29,92.94,95.31,94.76,87.86,0.14,,7.5,1.9,0.15,,7.7,2.0,0.14,2.8,8.0,1.9,0.16,,7.9,1.9
2013-01-01,151.03,1485.905,1591.013,1630.6879999999999,1671.886,1570.7,1550.83,1512.31,1480.4,92.02,92.94,95.31,94.76,0.15,0.8,7.6,1.7,0.14,,7.5,1.9,0.15,,7.7,2.0,0.14,2.8,8.0,1.9
2013-02-01,153.93,1416.1429999999998,1485.905,1591.013,1630.6879999999999,1639.84,1570.7,1550.83,1512.31,94.51,92.02,92.94,95.31,0.11,,7.5,1.7,0.15,0.8,7.6,1.7,0.14,,7.5,1.9,0.15,,7.7,2.0
2013-03-01,156.5,1342.7,1416.1429999999998,1485.905,1591.013,1618.77,1639.84,1570.7,1550.83,95.77,94.51,92.02,92.94,0.09,,7.5,1.6,0.11,,7.5,1.7,0.15,0.8,7.6,1.7,0.14,,7.5,1.9
2013-04-01,158.37,1284.348,1342.7,1416.1429999999998,1485.905,1668.68,1618.77,1639.84,1570.7,104.67,95.77,94.51,92.02,0.09,3.1,7.3,1.7,0.09,,7.5,1.6,0.11,,7.5,1.7,0.15,0.8,7.6,1.7
2013-05-01,159.48,1345.0479999999998,1284.348,1342.7,1416.1429999999998,1670.09,1668.68,1618.77,1639.84,106.57,104.67,95.77,94.51,0.08,,7.3,1.8,0.09,3.1,7.3,1.7,0.09,,7.5,1.6,0.11,,7.5,1.7
2013-06-01,159.77,1348.464,1345.0479999999998,1284.348,1342.7,1687.17,1670.09,1668.68,1618.77,106.29,106.57,104.67,95.77,0.08,,7.2,1.7,0.08,,7.3,1.8,0.09,3.1,7.3,1.7,0.09,,7.5,1.6
2013-07-01,159.65,1314.402,1348.464,1345.0479999999998,1284.348,1720.03,1687.17,1670.09,1668.68,100.54,106.29,106.57,104.67,0.09,4.0,7.2,1.7,0.08,,7.2,1.7,0.08,,7.3,1.8,0.09,3.1,7.3,1.7
2013-08-01,159.47,1277.417,1314.402,1348.464,1345.0479999999998,1783.54,1720.03,1687.17,1670.09,93.86,100.54,106.29,106.57,0.08,,6.9,1.7,0.09,4.0,7.2,1.7,0.08,,7.2,1.7,0.08,,7.3,1.8
2013-09-01,159.39,1221.588,1277.417,1314.402,1348.464,1807.78,1783.54,1720.03,1687.17,97.63,93.86,100.54,106.29,0.09,,6.7,1.7,0.08,,6.9,1.7,0.09,4.0,7.2,1.7,0.08,,7.2,1.7
2013-10-01,159.48,1243.068,1221.588,1277.417,1314.402,1822.36,1807.78,1783.54,1720.03,94.62,97.63,93.86,100.54,0.07,-1.2,6.6,1.6,0.09,,6.7,1.7,0.08,,6.9,1.7,0.09,4.0,7.2,1.7
2013-11-01,159.98,1298.713,1243.068,1221.588,1277.417,1817.04,1822.36,1807.78,1783.54,100.82,94.62,97.63,93.86,0.07,,6.7,1.6,0.07,-1.2,6.6,1.6,0.09,,6.7,1.7,0.08,,6.9,1.7
2013-12-01,161.3,1336.56,1298.713,1243.068,1221.588,1863.52,1817.04,1822.36,1807.78,100.8,100.82,94.62,97.63,0.08,,6.7,1.7,0.07,,6.7,1.6,0.07,-1.2,6.6,1.6,0.09,,6.7,1.7
2014-01-01,163.08,1299.175,1336.56,1298.713,1243.068,1864.26,1863.52,1817.04,1822.36,102.07,100.8,100.82,94.62,0.09,4.0,6.2,1.8,0.08,,6.7,1.7,0.07,,6.7,1.6,0.07,-1.2,6.6,1.6
2014-02-01,164.8,1288.913,1299.175,1336.56,1298.713,1889.77,1864.26,1863.52,1817.04,102.18,102.07,100.8,100.82,0.09,,6.3,2.0,0.09,4.0,6.2,1.8,0.08,,6.7,1.7,0.07,,6.7,1.6
2014-03-01,166.32,1277.857,1288.913,1299.175,1336.56,1947.09,1889.77,1864.26,1863.52,105.79,102.18,102.07,100.8,0.1,,6.1,1.9,0.09,,6.3,2.0,0.09,4.0,6.2,1.8,0.08,,6.7,1.7
2014-04-01,167.24,1312.989,1277.857,1288.913,1299.175,1973.1,1947.09,1889.77,1864.26,103.59,105.79,102.18,102.07,0.09,5.0,6.2,1.9,0.1,,6.1,1.9,0.09,,6.3,2.0,0.09,4.0,6.2,1.8
2014-05-01,167.56,1297.005,1312.989,1277.857,1288.913,1961.53,1973.1,1947.09,1889.77,96.54,103.59,105.79,102.18,0.09,,6.2,1.7,0.09,5.0,6.2,1.9,0.1,,6.1,1.9,0.09,,6.3,2.0
2014-06-01,167.35,1241.33,1297.005,1312.989,1277.857,1993.23,1961.53,1973.1,1947.09,93.21,96.54,103.59,105.79,0.09,,5.9,1.7,0.09,,6.2,1.7,0.09,5.0,6.2,1.9,0.1,,6.1,1.9
2014-07-01,167.03,1223.565,1241.33,1297.005,1312.989,1937.27,1993.23,1961.53,1973.1,84.4,93.21,96.54,103.59,0.09,2.3,5.7,1.8,0.09,,5.9,1.7,0.09,,6.2,1.7,0.09,5.0,6.2,1.9
2014-08-01,166.79,1176.413,1223.565,1241.33,1297.005,2044.57,1937.27,1993.23,1961.53,75.79,84.4,93.21,96.54,0.09,,5.8,1.7,0.09,2.3,5.7,1.8,0.09,,5.9,1.7,0.09,,6.2,1.7
2014-09-01,166.61,1200.44,1176.413,1223.565,1241.33,2054.27,2044.57,1937.27,1993.23,59.29,75.79,84.4,93.21,0.12,,5.6,1.6,0.09,,5.8,1.7,0.09,2.3,5.7,1.8,0.09,,5.9,1.7
2014-10-01,166.41,1249.333,1200.44,1176.413,1223.565,2028.18,2054.27,2044.57,1937.27,47.22,59.29,75.79,84.4,0.11,2.0,5.7,1.6,0.12,,5.6,1.6,0.09,,5.8,1.7,0.09,2.3,5.7,1.8
2014-11-01,166.81,1231.1,1249.333,1200.44,1176.413,2082.2,2028.18,2054.27,2044.57,50.58,47.22,59.29,75.79,0.11,,5.5,1.7,0.11,2.0,5.7,1.6,0.12,,5.6,1.6,0.09,,5.8,1.7
2014-12-01,168.28,1180.636,1231.1,1249.333,1200.44,2079.99,2082.2,2028.18,2054.27,47.82,50.58,47.22,59.29,0.11,,5.4,1.8,0.11,,5.5,1.7,0.11,2.0,5.7,1.6,0.12,,5.6,1.6
2015-01-01,170.17,1198.253,1180.636,1231.1,1249.333,2094.86,2079.99,2082.2,2028.18,54.45,47.82,50.58,47.22,0.12,2.6,5.4,1.8,0.11,,5.4,1.8,0.11,,5.5,1.7,0.11,2.0,5.7,1.6
2015-02-01,172.06,1197.684,1198.253,1180.636,1231.1,2111.94,2094.86,2079.99,2082.2,59.27,54.45,47.82,50.58,0.12,,5.5,1.7,0.12,2.6,5.4,1.8,0.11,,5.4,1.8,0.11,,5.5,1.7
2015-03-01,173.66,1182.248,1197.684,1198.253,1180.636,2099.29,2111.94,2094.86,2079.99,59.82,59.27,54.45,47.82,0.13,,5.3,1.8,0.12,,5.5,1.7,0.12,2.6,5.4,1.8,0.11,,5.4,1.8
2015-04-01,174.71,1131.58,1182.248,1197.684,1198.253,2094.14,2099.29,2111.94,2094.86,50.9,59.82,59.27,54.45,0.13,2.0,5.2,1.8,0.13,,5.3,1.8,0.12,,5.5,1.7,0.12,2.6,5.4,1.8
2015-05-01,175.17,1117.525,1131.58,1182.248,1197.684,2039.87,2094.14,2099.29,2111.94,42.87,50.9,59.82,59.27,0.14,,5.1,1.8,0.13,2.0,5.2,1.8,0.13,,5.3,1.8,0.12,,5.5,1.7
2015-06-01,175.32,1124.905,1117.525,1131.58,1182.248,1944.41,2039.87,2094.14,2099.29,45.48,42.87,50.9,59.82,0.14,,5.0,1.9,0.14,,5.1,1.8,0.13,2.0,5.2,1.8,0.13,,5.3,1.8
2015-07-01,175.4,1157.123,1124.905,1117.525,1131.58,2024.81,1944.41,2039.87,2094.14,46.22,45.48,42.87,50.9,0.12,0.9,5.0,1.9,0.14,,5.0,1.9,0.14,,5.1,1.8,0.13,2.0,5.2,1.8
2015-08-01,175.5,1088.388,1157.123,1124.905,1117.525,2080.62,2024.81,1944.41,2039.87,42.44,46.22,45.48,42.87,0.12,,5.0,2.0,0.12,0.9,5.0,1.9,0.14,,5.0,1.9,0.14,,5.1,1.8
2015-09-01,175.65,1068.317,1088.388,1157.123,1124.905,2054.08,2080.62,2024.81,1944.41,37.19,42.44,46.22,45.48,0.24,,5.0,2.1,0.12,,5.0,2.0,0.12,0.9,5.0,1.9,0.14,,5.0,1.9
